Processor Signature,Date,Header Version,Revision,Flags,Checksum,Update Data Size
0x00000611,12/18/1996,0x00000001,0x00000b27,0x00000000,0x05793e46,2000
0x00000611,9/5/1995,0x00000001,0x000b0026,0x00000000,0x56520b61,2000
0x00000612,1/5/1996,0x00000001,0x000000c5,0x00000000,0x7c68ed35,2000
0x00000612,12/10/1996,0x00000001,0x000000c6,0x00000000,0x374569e7,2000
0x00000616,1/25/1995,0x00000001,0x000000c5,0x00000000,0xc269adc4,2000
0x00000616,12/10/1996,0x00000001,0x000000c6,0x00000000,0x2d239c7f,2000
0x00000617,1/25/1995,0x00000001,0x000000c5,0x00000000,0xa1ba5ea4,2000
0x00000617,12/10/1996,0x00000001,0x000000c6,0x00000000,0x3371797e,2000
0x00000619,1896/00/07,0x00000001,0x000000d1,0x00000000,0xabd00f1d,2000
0x00000619,7/18/1996,0x00000001,0x000000d1,0x00000000,0xa4bf0e1d,2000
0x00000619,2/18/1998,0x00000001,0x000000d2,0x00000000,0xc5c556c1,2000
0x00000630,8/27/1996,0x00000001,0x00000013,0x00000000,0xf316fc3b,2000
0x00000632,9/3/1996,0x00000001,0x00000020,0x00000000,0xebc16165,2000
0x00000633,12/12/1996,0x00000001,0x00000032,0x00000000,0x0d73d3bc,2000
0x00000633,9/23/1998,0x00000001,0x00000036,0x00000000,0xe92faa0c,2000
0x00000633,5/8/1998,0x00000001,0x00000034,0x00000001,0x278be7dc,2000
0x00000634,6/16/1997,0x00000001,0x00000033,0x00000000,0xf3ac5144,2000
0x00000634,9/23/1998,0x00000001,0x00000037,0x00000000,0x02c55597,2000
0x00000634,5/8/1998,0x00000001,0x00000035,0x00000001,0x3ac2fb53,2000
0x00000650,8/15/1997,0x00000001,0x00000005,0x00000000,0x10c8495d,2000
0x00000650,11/24/1997,0x00000001,0x00000015,0x00000000,0xffa999f3,2000
0x00000650,1/23/1998,0x00000001,0x00000027,0x00000001,0x66d67dd7,2000
0x00000650,6/10/1998,0x00000001,0x00000032,0x00000001,0xa0027121,2000
0x00000650,5/25/1999,0x00000001,0x00000040,0x00000001,0xb6a8b9b9,2000
0x00000650,5/25/1999,0x00000001,0x00000041,0x00000002,0xbc120ef5,2000
0x00000650,12/12/1997,0x00000001,0x00000019,0x00000004,0x657d0d11,2000
0x00000650,5/25/1999,0x00000001,0x00000045,0x00000008,0x429c2f70,2000
0x00000650,2/11/1998,0x00000001,0x0000002e,0x00000020,0x2f41bf64,2000
0x00000650,2/11/1998,0x00000001,0x0000002f,0x00000080,0xac6d02e6,2000
0x00000651,1/23/1998,0x00000001,0x00000029,0x00000001,0x8ec49c2f,2000
0x00000651,6/10/1998,0x00000001,0x00000030,0x00000001,0xde71ecc9,2000
0x00000651,5/25/1999,0x00000001,0x00000040,0x00000001,0xf400b4ac,2000
0x00000651,5/25/1999,0x00000001,0x00000041,0x00000002,0xa6218306,2000
0x00000651,5/25/1999,0x00000001,0x00000042,0x00000008,0x48947659,2000
0x00000652,4/8/1998,0x00000001,0x00000007,0x00000001,0x01e31f0f,2000
0x00000652,6/10/1998,0x00000001,0x00000014,0x00000001,0x0e4a7195,2000
0x00000652,5/12/1999,0x00000001,0x0000002a,0x00000001,0xc8b34cc7,2000
0x00000652,5/17/1999,0x00000001,0x0000002c,0x00000002,0x05073130,2000
0x00000652,5/12/1999,0x00000001,0x0000002b,0x00000004,0xd40d4baf,2000
0x00000652,5/18/1999,0x00000001,0x0000002d,0x00000008,0x35182bc2,2000
0x00000653,10/14/1998,0x00000001,0x00000001,0x00000001,0x76fdf028,2000
0x00000653,5/12/1999,0x00000001,0x0000000a,0x00000001,0x4ffe6c9b,2000
0x00000653,6/28/1999,0x00000001,0x00000010,0x00000001,0x4b6dfc5e,2000
0x00000653,5/18/1999,0x00000001,0x0000000c,0x00000002,0x810fe1ab,2000
0x00000653,5/20/1999,0x00000001,0x0000000b,0x00000004,0xe3f50f82,2000
0x00000653,5/18/1999,0x00000001,0x0000000d,0x00000008,0xc28f9258,2000
0x00000660,6/5/1998,0x00000001,0x00000004,0x00000001,0x0c7b5205,2000
0x00000660,3/12/1999,0x00000001,0x00000009,0x00000001,0x53201267,2000
0x00000660,5/5/1999,0x00000001,0x0000000a,0x00000001,0x05b795f4,2000
0x00000665,8/27/1998,0x00000001,0x00000001,0x00000010,0x6d487dc1,2000
0x00000665,3/10/1999,0x00000001,0x00000002,0x00000010,0x86563753,2000
0x00000665,5/5/1999,0x00000001,0x00000003,0x00000010,0x2b9733f1,2000
0x0000066a,5/5/1999,0x00000001,0x0000000c,0x00000002,0x1d9d265a,2000
0x0000066a,5/5/1999,0x00000001,0x0000000d,0x00000008,0xbb94bae6,2000
0x0000066a,5/5/1999,0x00000001,0x0000000b,0x00000020,0x5320efc2,2000
0x0000066d,3/12/1999,0x00000001,0x00000005,0x00000002,0x270b86cf,2000
0x0000066d,3/12/1999,0x00000001,0x00000006,0x00000008,0x5a11f8b1,2000
0x0000066d,5/5/1999,0x00000001,0x00000007,0x00000020,0x35ba5e6e,2000
0x00000670,5/28/1998,0x00000001,0x00000006,0x00000001,0x0ce041ad,2000
0x00000671,7/29/1998,0x00000001,0x00000002,0x00000001,0x9c9a73b0,2000
0x00000671,8/11/1998,0x00000001,0x00000003,0x00000001,0xf6cf7b0b,2000
0x00000671,8/11/1998,0x00000001,0x00000014,0x00000004,0x83239dd8,2000
0x00000672,9/9/1998,0x00000001,0x00000001,0x00000001,0xd08f3a1b,2000
0x00000672,10/29/1998,0x00000001,0x00000004,0x00000001,0x15916a64,2000
0x00000672,5/4/1999,0x00000001,0x0000000b,0x00000001,0x08308a8f,2000
0x00000672,6/30/1999,0x00000001,0x0000000c,0x00000001,0x608aeba6,2000
0x00000672,9/22/1999,0x00000001,0x00000010,0x00000001,0x0fc53099,2000
0x00000672,9/22/1999,0x00000001,0x00000038,0x00000004,0xffd6aa2a,2000
0x00000673,1/25/1999,0x00000001,0x00000002,0x00000001,0x6480ae79,2000
0x00000673,4/16/1999,0x00000001,0x00000005,0x00000001,0xe0c78621,2000
0x00000673,4/23/1999,0x00000001,0x00000007,0x00000001,0xaa465d96,2000
0x00000673,6/29/1999,0x00000001,0x0000000a,0x00000001,0x9285174f,2000
0x00000673,9/10/1999,0x00000001,0x0000000e,0x00000001,0xf64116d1,2000
0x00000673,9/10/1999,0x00000001,0x0000002e,0x00000004,0xa5945abf,2000
0x00000680,5/24/1999,0x00000001,0x0000000b,0x00000001,0x39fa1ef1,2000
0x00000680,6/10/1999,0x00000001,0x00000014,0x00000001,0x2b6c7f13,2000
0x00000680,5/25/1999,0x00000001,0x0000000d,0x00000008,0x56da26b2,2000
0x00000680,6/10/1999,0x00000001,0x00000016,0x00000008,0xe0cf925e,2000
0x00000680,5/25/1999,0x00000001,0x0000000c,0x00000020,0x8d1153dc,2000
0x00000680,6/10/1999,0x00000001,0x00000015,0x00000020,0xcc55d584,2000
0x00000681,7/12/1999,0x00000001,0x00000001,0x00000001,0xcb9da6d0,2000
0x00000681,9/21/1999,0x00000001,0x0000000d,0x00000001,0x31708166,2000
0x00000681,9/21/1999,0x00000001,0x00000010,0x00000004,0x04387de5,2000
0x00000681,9/21/1999,0x00000001,0x0000000f,0x00000008,0x73f2cca2,2000
0x00000681,7/16/1999,0x00000001,0x00000005,0x00000010,0xd31a2d47,2000
0x00000681,9/21/1999,0x00000001,0x00000011,0x00000010,0xfc16538d,2000
0x00000681,12/9/1999,0x00000001,0x00000014,0x00000010,0xc82efa9b,2000
0x00000681,9/21/1999,0x00000001,0x0000000e,0x00000020,0x02aa9e53,2000
0x00000683,1/10/2000,0x00000001,0x0000000c,0x00000001,0xb1605bca,2000
0x00000683,2/6/2001,0x00000001,0x00000013,0x00000001,0x2f0da1b0,2000
0x00000683,1/10/2000,0x00000001,0x0000000f,0x00000004,0x452c609f,2000
0x00000683,2/6/2001,0x00000001,0x00000010,0x00000004,0x30bf0a72,2000
0x00000683,10/15/1999,0x00000001,0x00000008,0x00000008,0x2942e387,2000
0x00000683,1/10/2000,0x00000001,0x00000010,0x00000010,0xaa8ed88c,2000
0x00000683,2/6/2001,0x00000001,0x00000014,0x00000010,0x0976fd98,2000
0x00000683,10/15/1999,0x00000001,0x00000007,0x00000020,0x1c5efd4b,2000
0x00000686,5/5/2000,0x00000001,0x00000007,0x00000001,0x87aa303f,2000
0x00000686,5/4/2000,0x00000001,0x0000000a,0x00000002,0xf3bb1079,2000
0x00000686,5/4/2000,0x00000001,0x00000002,0x00000004,0x332c50fc,2000
0x00000686,5/5/2000,0x00000001,0x00000008,0x00000010,0xea2b7b61,2000
0x00000686,5/4/2000,0x00000001,0x0000000b,0x00000020,0xc25b0947,2000
0x00000686,5/4/2000,0x00000001,0x0000000c,0x00000080,0xb8f53b16,2000
0x0000068a,11/2/2000,0x00000001,0x00000001,0x00000010,0x80fc9e3b,2000
0x0000068a,12/7/2000,0x00000001,0x00000004,0x00000020,0x995ec216,2000
0x0000068a,12/7/2000,0x00000001,0x00000005,0x00000080,0xb82bbbc1,2000
0x00000695,11/15/2003,0x00000001,0x00000005,0x00000010,0x0fc5ce6e,2000
0x00000695,11/9/2004,0x00000001,0x00000007,0x00000010,0xf7d0461f,2000
0x00000695,12/15/2002,0x00000001,0x00000005,0x00000020,0xb862c1fc,2000
0x00000695,11/9/2004,0x00000001,0x00000007,0x00000020,0xf7d0460f,2000
0x00000695,11/9/2004,0x00000001,0x00000047,0x00000080,0xa0324f3b,2000
0x00000696,7/7/2000,0x00000001,0x00000001,0x00000010,0x99c6bf9b,2000
0x000006a0,1/10/2000,0x00000001,0x00000003,0x00000004,0xdff45617,2000
0x000006a1,3/6/2000,0x00000001,0x00000001,0x00000004,0xdac0a4cd,2000
0x000006a4,6/16/2000,0x00000001,0x00000001,0x00000004,0x144a06e8,2000
0x000006b0,11/15/2000,0x00000001,0x00000004,0x00000010,0x65611eb6,2000
0x000006b0,11/17/2000,0x00000001,0x00000007,0x00000020,0xe11ea1c4,2000
0x000006b1,2/15/2001,0x00000001,0x0000001c,0x00000010,0x6506e1cf,2000
0x000006b1,2/20/2001,0x00000001,0x0000001d,0x00000020,0x6d9b5661,2000
0x000006b4,1/10/2002,0x00000001,0x00000001,0x00000010,0x58213e6a,2000
0x000006b4,1/11/2002,0x00000001,0x00000002,0x00000020,0xf512ec8f,2000
0x000006d0,4/30/2003,0x00000001,0x00000005,0x00000020,0xf1a75d34,2000
0x000006d1,7/9/2003,0x00000001,0x00000009,0x00000020,0x02cd7d21,2000
0x000006d2,8/14/2003,0x00000001,0x00000010,0x00000020,0xc20b4712,2000
0x000006d6,2/19/2004,0x00000001,0x00000017,0x00000020,0x836c9626,2000
0x000006d6,10/17/2004,0x00000001,0x00000018,0x00000020,0xb7b66d41,2000
0x000006d8,8/31/2006,0x00000001,0x00000021,0x00000008,0xdd4078dd,2000
0x000006d8,7/22/2004,0x00000001,0x00000020,0x00000020,0x2f6d5732,2000
0x000006e0,1/12/2005,0x00000001,0x00000005,0x00000010,0x345d94e9,5072
0x000006e0,2/15/2005,0x00000001,0x00000008,0x00000020,0x9969c6bb,5072
0x000006e1,3/8/2005,0x00000001,0x0000000a,0x00000010,0x35bd986b,5072
0x000006e1,4/13/2005,0x00000001,0x0000000c,0x00000020,0x0470ee98,5072
0x000006e4,8/16/2005,0x00000001,0x00000026,0x00000020,0xeb21d139,4048
0x000006e8,2/8/2006,0x00000001,0x0000003c,0x00000010,0xdf8af029,4048
0x000006e8,11/15/2005,0x00000001,0x00000039,0x00000020,0x00e9d6a3,4048
0x000006ec,5/1/2006,0x00000001,0x00000055,0x00000010,0x918fffef,4048
0x000006ec,5/1/2006,0x00000001,0x00000054,0x00000020,0x7066b518,4048
0x000006ec,6/22/2006,0x00000001,0x00000056,0x00000040,0x2e9a01e5,4048
0x000006ec,9/12/2006,0x00000001,0x00000059,0x00000080,0x75996a3e,4048
0x000006f0,8/18/2005,0x00000001,0x00000005,0x00000020,0x6d5b2cab,4048
0x000006f1,10/10/2005,0x00000001,0x00000011,0x00000027,0xa28acd13,4048
0x000006f2,3/8/2007,0x00000001,0x00000056,0x00000001,0xecfb6ee8,4048
0x000006f2,9/26/2007,0x00000001,0x0000005a,0x00000001,0x594ddba0,4048
0x000006f2,10/2/2010,0x00000001,0x0000005d,0x00000001,0x9384a573,4048
0x000006f2,3/15/2007,0x00000001,0x00000057,0x00000020,0x07e77759,4048
0x000006f2,10/2/2010,0x00000001,0x0000005c,0x00000020,0xc335a60f,4048
0x000006f4,3/12/2006,0x00000001,0x00000026,0x000000f5,0xda8e97d1,4048
0x000006f5,5/23/2006,0x00000001,0x00000036,0x00000020,0x97555a99,4048
0x000006f5,7/25/2006,0x00000001,0x00000038,0x00000080,0x6333b559,4048
0x000006f6,5/23/2006,0x00000001,0x00000044,0x00000001,0x817b0e80,4048
0x000006f6,3/7/2007,0x00000001,0x000000c6,0x00000001,0xb1bff977,4048
0x000006f6,9/16/2007,0x00000001,0x000000cb,0x00000001,0x6f5dfa09,4048
0x000006f6,9/30/2010,0x00000001,0x000000d0,0x00000001,0xb61ec71a,4048
0x000006f6,3/7/2007,0x00000001,0x000000c6,0x00000004,0xb1bff974,4048
0x000006f6,3/26/2007,0x00000001,0x000000c9,0x00000004,0x1208c7f9,4048
0x000006f6,9/16/2007,0x00000001,0x000000cd,0x00000004,0xa77fc94b,4048
0x000006f6,10/1/2010,0x00000001,0x000000d2,0x00000004,0x6618cfff,4048
0x000006f6,3/15/2007,0x00000001,0x000000c7,0x00000020,0xd863aca5,4048
0x000006f6,3/27/2007,0x00000001,0x000000c8,0x00000020,0x8b32392f,4048
0x000006f6,9/16/2007,0x00000001,0x000000cc,0x00000020,0xb5503da1,4048
0x000006f6,10/1/2010,0x00000001,0x000000d1,0x00000020,0xc3efba8f,4048
0x000006f7,7/12/2006,0x00000001,0x00000060,0x00000010,0x4c134b20,4048
0x000006f7,3/8/2007,0x00000001,0x00000066,0x00000010,0xfea82c68,4048
0x000006f7,9/16/2007,0x00000001,0x00000068,0x00000010,0x18729a7e,4048
0x000006f7,10/2/2010,0x00000001,0x0000006a,0x00000010,0x9911aaf2,4048
0x000006f7,7/12/2006,0x00000001,0x00000060,0x00000040,0x4c134af0,4048
0x000006f7,3/8/2007,0x00000001,0x00000066,0x00000040,0xfea82c38,4048
0x000006f7,3/26/2007,0x00000001,0x00000067,0x00000040,0x4a1c10cd,4048
0x000006f7,9/17/2007,0x00000001,0x00000069,0x00000040,0x4e779cf4,4048
0x000006f7,10/2/2010,0x00000001,0x0000006b,0x00000040,0xcc4deed3,4048
0x000006f9,9/28/2006,0x00000001,0x00000083,0x00000080,0x85b7e1df,4048
0x000006fa,3/13/2007,0x00000001,0x00000092,0x00000080,0x13ed7841,4048
0x000006fa,9/24/2007,0x00000001,0x00000094,0x00000080,0x613bce61,4048
0x000006fa,10/2/2010,0x00000001,0x00000095,0x00000080,0x9f4b38d8,4048
0x000006fb,3/14/2007,0x00000001,0x000000b3,0x00000001,0x54ad9bff,4048
0x000006fb,7/13/2007,0x00000001,0x000000b6,0x00000001,0xb3176c40,4048
0x000006fb,10/3/2010,0x00000001,0x000000ba,0x00000001,0x08707b60,4048
0x000006fb,3/14/2007,0x00000001,0x000000b4,0x00000004,0xaf7c100f,4048
0x000006fb,8/6/2007,0x00000001,0x000000b7,0x00000004,0x5cb3ffdf,4048
0x000006fb,5/11/2009,0x00000001,0x000000b9,0x00000004,0xb6a7f0c9,4048
0x000006fb,10/3/2010,0x00000001,0x000000bc,0x00000004,0x9394765a,4048
0x000006fb,3/14/2007,0x00000001,0x000000b3,0x00000008,0x54ad9bf8,4048
0x000006fb,7/13/2007,0x00000001,0x000000b6,0x00000008,0xc75d0879,4048
0x000006fb,4/28/2009,0x00000001,0x000000b8,0x00000008,0x7db01441,4048
0x000006fb,10/3/2010,0x00000001,0x000000bb,0x00000008,0xe7fbf398,4048
0x000006fb,3/14/2007,0x00000001,0x000000b3,0x00000010,0x54ad9bf0,4048
0x000006fb,7/13/2007,0x00000001,0x000000b6,0x00000010,0x5e5a71a7,4048
0x000006fb,10/3/2010,0x00000001,0x000000ba,0x00000010,0xed247070,4048
0x000006fb,7/13/2007,0x00000001,0x000000b6,0x00000020,0x04e4d5d9,4048
0x000006fb,10/3/2010,0x00000001,0x000000ba,0x00000020,0x9777492e,4048
0x000006fb,3/14/2007,0x00000001,0x000000b4,0x00000040,0xaf7c0fd3,4048
0x000006fb,8/6/2007,0x00000001,0x000000b7,0x00000040,0x530b8fb3,4048
0x000006fb,5/11/2009,0x00000001,0x000000b9,0x00000040,0x70fed5b1,4048
0x000006fb,10/3/2010,0x00000001,0x000000bc,0x00000040,0xf1a7a484,4048
0x000006fb,7/13/2007,0x00000001,0x000000b6,0x00000080,0x2831cee4,4048
0x000006fb,10/3/2010,0x00000001,0x000000ba,0x00000080,0xf953dc67,4048
0x000006fd,3/13/2007,0x00000001,0x000000a1,0x00000001,0x020ea906,4048
0x000006fd,8/13/2007,0x00000001,0x000000a3,0x00000001,0x89c0d09e,4048
0x000006fd,10/2/2010,0x00000001,0x000000a4,0x00000001,0x9ace6116,4048
0x000006fd,8/13/2007,0x00000001,0x000000a3,0x00000020,0x89c0d07f,4048
0x000006fd,10/2/2010,0x00000001,0x000000a4,0x00000020,0x9ace60f7,4048
0x000006fd,3/13/2007,0x00000001,0x000000a1,0x00000080,0x020ea887,4048
0x000006fd,8/13/2007,0x00000001,0x000000a3,0x00000080,0x89c0d01f,4048
0x000006fd,10/2/2010,0x00000001,0x000000a4,0x00000080,0x9ace6097,4048
0x00000f00,1/30/2000,0x00000001,0xffff0001,0x00000001,0x3675924f,2000
0x00000f01,2/29/2000,0x00000001,0xffff0004,0x00000001,0x18059a2b,2000
0x00000f03,5/18/2000,0x00000001,0xffff0001,0x00000001,0x3594d265,2000
0x00000f04,7/18/2000,0x00000001,0xffff000a,0x00000001,0xc5f9eaa6,2000
0x00000f04,7/18/2000,0x00000001,0xffff000b,0x00000002,0x3342165b,2000
0x00000f05,8/3/2000,0x00000001,0x00000007,0x00000001,0xf137420a,2000
0x00000f05,8/24/2000,0x00000001,0x0000000b,0x00000001,0x50c99636,2000
0x00000f05,8/3/2000,0x00000001,0x00000008,0x00000002,0x98f34c81,2000
0x00000f05,8/24/2000,0x00000001,0x0000000c,0x00000002,0xedb8177b,2000
0x00000f06,9/11/2000,0x00000001,0x00000004,0x00000002,0x680047b7,2000
0x00000f07,11/15/2000,0x00000001,0x00000007,0x00000001,0xd8f3a74b,2000
0x00000f07,2/14/2002,0x00000001,0x0000000d,0x00000001,0x8e3176c3,2000
0x00000f07,7/16/2002,0x00000001,0x00000012,0x00000001,0x39e69ff0,2000
0x00000f07,8/24/2000,0x00000001,0x00000004,0x00000002,0x0e41b8c7,2000
0x00000f07,11/15/2000,0x00000001,0x00000008,0x00000002,0xb7b473e7,2000
0x00000f09,1/4/2001,0x00000001,0x00000008,0x00000002,0x7ee4927c,2000
0x00000f0a,1/12/2001,0x00000001,0x00000005,0x00000001,0xf816cc4f,2000
0x00000f0a,1/11/2002,0x00000001,0x00000010,0x00000001,0xc3a888b5,2000
0x00000f0a,7/16/2002,0x00000001,0x00000013,0x00000001,0x2a2cc3cb,2000
0x00000f0a,1/12/2001,0x00000001,0x00000006,0x00000002,0x6dde873c,2000
0x00000f0a,1/11/2002,0x00000001,0x00000011,0x00000002,0xda6c5ba6,2000
0x00000f0a,8/21/2002,0x00000001,0x00000015,0x00000002,0x63e49a0c,2000
0x00000f0a,2/27/2001,0x00000001,0x00000009,0x00000004,0x571fe45e,2000
0x00000f0a,1/11/2002,0x00000001,0x00000012,0x00000004,0x26ca4178,2000
0x00000f0a,7/16/2002,0x00000001,0x00000014,0x00000004,0x64731550,2000
0x00000f11,10/15/2001,0x00000001,0x00000005,0x00000002,0xfd86261a,2000
0x00000f11,3/12/2002,0x00000001,0x00000006,0x00000002,0xbc7900e0,2000
0x00000f11,7/16/2002,0x00000001,0x00000008,0x00000002,0x0a9ea290,2000
0x00000f11,7/29/2003,0x00000001,0x0000000a,0x00000002,0xf72c94ec,2000
0x00000f12,5/23/2001,0x00000001,0x00000001,0x00000001,0xb9378453,2000
0x00000f12,1/12/2002,0x00000001,0x00000026,0x00000001,0x9608098d,2000
0x00000f12,7/16/2002,0x00000001,0x0000002a,0x00000001,0x3a66bee8,2000
0x00000f12,5/2/2003,0x00000001,0x0000002d,0x00000001,0x22ba6824,2000
0x00000f12,5/23/2001,0x00000001,0x00000002,0x00000002,0x337c2a2b,2000
0x00000f12,1/12/2002,0x00000001,0x00000027,0x00000002,0xa7f2dc1a,2000
0x00000f12,7/16/2002,0x00000001,0x0000002b,0x00000002,0x6c25c9b7,2000
0x00000f12,5/2/2003,0x00000001,0x0000002f,0x00000002,0x44847acc,2000
0x00000f12,5/23/2001,0x00000001,0x00000003,0x00000004,0x15dae44f,2000
0x00000f12,1/12/2002,0x00000001,0x00000028,0x00000004,0x2f6967b9,2000
0x00000f12,7/16/2002,0x00000001,0x0000002c,0x00000004,0x22ca8eb8,2000
0x00000f12,5/2/2003,0x00000001,0x0000002e,0x00000004,0xb2548d0a,2000
0x00000f13,2/11/2002,0x00000001,0x00000003,0x00000004,0x3793f1bb,2000
0x00000f13,7/17/2002,0x00000001,0x00000004,0x00000004,0xb0c33aa0,2000
0x00000f13,5/8/2003,0x00000001,0x00000005,0x00000004,0x386c53da,2000
0x00000f21,5/29/2001,0x00000001,0x00000002,0x00000002,0x0838c135,2000
0x00000f21,5/29/2001,0x00000001,0x00000001,0x00000004,0x78cddd37,2000
0x00000f22,4/6/2002,0x00000001,0x00000003,0x00000002,0x664ee8e8,2000
0x00000f22,7/29/2003,0x00000001,0x00000005,0x00000002,0x7190b462,2000
0x00000f23,7/30/2001,0x00000001,0x00000009,0x00000002,0xad94879e,2000
0x00000f23,7/30/2001,0x00000001,0x00000008,0x00000004,0x7483278f,2000
0x00000f24,10/26/2001,0x00000001,0x00000008,0x00000002,0x5852871d,2000
0x00000f24,1/14/2002,0x00000001,0x0000000c,0x00000002,0xd48cfbd0,2000
0x00000f24,7/19/2002,0x00000001,0x00000010,0x00000002,0x789bb8d7,2000
0x00000f24,1/16/2003,0x00000001,0x0000001d,0x00000002,0x2ea67dc8,2000
0x00000f24,6/5/2003,0x00000001,0x0000001f,0x00000002,0x1f19b59b,2000
0x00000f24,9/4/2001,0x00000001,0x00000004,0x00000004,0x29f94f04,2000
0x00000f24,10/26/2001,0x00000001,0x00000007,0x00000004,0x39226540,2000
0x00000f24,1/14/2002,0x00000001,0x0000000b,0x00000004,0x68298430,2000
0x00000f24,7/19/2002,0x00000001,0x0000000f,0x00000004,0x9c1f59bd,2000
0x00000f24,11/7/2002,0x00000001,0x00000018,0x00000004,0xbaafd460,2000
0x00000f24,6/5/2003,0x00000001,0x0000001e,0x00000004,0x9ba58d71,2000
0x00000f24,1/14/2002,0x00000001,0x0000000d,0x00000008,0x8df6975f,2000
0x00000f24,11/11/2002,0x00000001,0x0000001a,0x00000008,0x734224e2,2000
0x00000f24,6/5/2003,0x00000001,0x00000020,0x00000008,0x828598c7,2000
0x00000f24,9/7/2002,0x00000001,0x00000013,0x00000010,0x6ed8c0f9,2000
0x00000f24,6/10/2003,0x00000001,0x00000021,0x00000010,0x83ed02e7,2000
0x00000f25,1/24/2003,0x00000001,0x00000006,0x00000001,0x29917c89,2000
0x00000f25,2/3/2004,0x00000001,0x0000001a,0x00000001,0x5b57b0e6,2000
0x00000f25,4/6/2004,0x00000001,0x0000001e,0x00000001,0x8a2e5d1d,2000
0x00000f25,8/11/2004,0x00000001,0x00000029,0x00000001,0x2795ba4b,2000
0x00000f25,2/3/2004,0x00000001,0x00000019,0x00000002,0x419bfd63,2000
0x00000f25,4/6/2004,0x00000001,0x0000001d,0x00000002,0xaa23e63b,2000
0x00000f25,8/11/2004,0x00000001,0x0000002a,0x00000002,0xad53035d,2000
0x00000f25,1/23/2003,0x00000001,0x00000005,0x00000004,0xfd09b575,2000
0x00000f25,7/21/2003,0x00000001,0x00000015,0x00000004,0xd6976e46,2000
0x00000f25,2/3/2004,0x00000001,0x0000001b,0x00000004,0xdcbe99de,2000
0x00000f25,4/6/2004,0x00000001,0x0000001f,0x00000004,0x8268ccfc,2000
0x00000f25,8/11/2004,0x00000001,0x0000002b,0x00000004,0xe4dcce66,2000
0x00000f25,4/6/2004,0x00000001,0x00000020,0x00000010,0x7080bd1a,2000
0x00000f25,8/26/2004,0x00000001,0x0000002c,0x00000010,0x62d062ab,2000
0x00000f26,2/3/2004,0x00000001,0x0000000b,0x00000002,0x85276ce2,2000
0x00000f26,4/6/2004,0x00000001,0x0000000e,0x00000002,0x29fd8800,2000
0x00000f26,8/5/2004,0x00000001,0x00000010,0x00000002,0x17ccab58,2000
0x00000f27,6/28/2002,0x00000001,0x00000025,0x00000002,0xb71f9b56,2000
0x00000f27,11/6/2002,0x00000001,0x00000034,0x00000002,0x1e25abf5,2000
0x00000f27,6/4/2003,0x00000001,0x00000038,0x00000002,0x6d330d4a,2000
0x00000f27,6/28/2002,0x00000001,0x00000024,0x00000004,0xd7490795,2000
0x00000f27,7/22/2002,0x00000001,0x00000027,0x00000004,0xfad3605d,2000
0x00000f27,11/6/2002,0x00000001,0x00000033,0x00000004,0x3d579e37,2000
0x00000f27,6/4/2003,0x00000001,0x00000037,0x00000004,0x972cd5fa,2000
0x00000f27,11/6/2002,0x00000001,0x00000035,0x00000008,0x2c674e26,2000
0x00000f27,6/4/2003,0x00000001,0x00000039,0x00000008,0x823432ca,2000
0x00000f29,1/23/2003,0x00000001,0x0000000f,0x00000002,0x2de12f00,2000
0x00000f29,7/18/2003,0x00000001,0x00000018,0x00000002,0x0e0b85c7,2000
0x00000f29,3/24/2004,0x00000001,0x00000022,0x00000002,0x9a020a77,2000
0x00000f29,8/11/2004,0x00000001,0x0000002d,0x00000002,0x76e56915,2000
0x00000f29,11/11/2002,0x00000001,0x0000000a,0x00000004,0x83569f5f,2000
0x00000f29,1/23/2003,0x00000001,0x0000000e,0x00000004,0xb021af2a,2000
0x00000f29,4/14/2003,0x00000001,0x00000011,0x00000004,0xe2a5caca,2000
0x00000f29,6/4/2003,0x00000001,0x00000014,0x00000004,0xb8b0831e,2000
0x00000f29,7/18/2003,0x00000001,0x00000017,0x00000004,0xc42d13a3,2000
0x00000f29,3/24/2004,0x00000001,0x00000021,0x00000004,0xdeec05f1,2000
0x00000f29,8/11/2004,0x00000001,0x0000002e,0x00000004,0x7695d4dc,2000
0x00000f29,8/21/2003,0x00000001,0x0000001a,0x00000008,0xa9ad584d,2000
0x00000f29,8/11/2004,0x00000001,0x0000002f,0x00000008,0xfdb52a5d,2000
0x00000f32,5/11/2004,0x00000001,0x0000000a,0x0000000d,0x2538ef0a,2000
0x00000f33,5/12/2004,0x00000001,0x0000000b,0x0000000d,0xe5668aea,2000
0x00000f33,4/21/2005,0x00000001,0x0000000c,0x0000000d,0x58c41efd,2000
0x00000f34,5/4/2004,0x00000001,0x0000000e,0x0000001d,0x9b18561d,6096
0x00000f34,7/30/2004,0x00000001,0x00000013,0x0000001d,0x95f183f0,6096
0x00000f34,4/21/2005,0x00000001,0x00000017,0x0000001d,0x2cbd6146,7120
0x00000f41,4/21/2005,0x00000001,0x00000016,0x00000002,0x0a12a70a,5072
0x00000f41,11/22/2004,0x00000001,0x00000011,0x00000020,0x7fad61f2,5072
0x00000f41,11/22/2004,0x00000001,0x00000012,0x0000009d,0x52a22aa2,5072
0x00000f41,8/2/2004,0x00000001,0x00000009,0x000000bd,0x5c400364,4048
0x00000f41,4/22/2005,0x00000001,0x00000017,0x000000bd,0x326135c1,5072
0x00000f43,4/21/2005,0x00000001,0x00000005,0x0000009d,0x77812c17,2000
0x00000f44,4/21/2005,0x00000001,0x00000006,0x0000009d,0x9f60db18,3024
0x00000f47,4/21/2005,0x00000001,0x00000003,0x0000009d,0xaf2cef0d,3024
0x00000f48,5/8/2006,0x00000001,0x0000000c,0x00000001,0x5b9afec7,3024
0x00000f48,7/22/2005,0x00000001,0x00000008,0x00000002,0x16e9d7f2,3024
0x00000f48,9/1/2005,0x00000001,0x0000000b,0x00000002,0x090b64f2,3024
0x00000f48,1/15/2008,0x00000001,0x0000000e,0x00000002,0x0e158e10,3024
0x00000f48,6/30/2005,0x00000001,0x00000007,0x0000005f,0xd0938263,3024
0x00000f49,4/21/2005,0x00000001,0x00000003,0x000000bd,0xf85d53b8,2000
0x00000f4a,9/1/2005,0x00000001,0x00000003,0x0000005c,0xf422068b,2000
0x00000f4a,12/14/2005,0x00000001,0x00000004,0x0000005c,0x5e7996d9,2000
0x00000f4a,6/10/2005,0x00000001,0x00000002,0x0000005d,0xdfbc9997,2000
0x00000f62,11/14/2005,0x00000001,0x0000000d,0x00000004,0x3227de89,3024
0x00000f62,12/15/2005,0x00000001,0x0000000f,0x00000004,0x0976d137,3024
0x00000f64,12/15/2005,0x00000001,0x00000002,0x00000001,0x680b0995,3024
0x00000f64,12/23/2005,0x00000001,0x00000004,0x00000034,0xc66dbf02,3024
0x00000f65,4/26/2006,0x00000001,0x00000008,0x00000001,0x5c58f575,2000
0x00000f65,4/26/2006,0x00000001,0x00000007,0x00000004,0xb1d162e2,976
0x00000f65,4/28/2006,0x00000001,0x00000009,0x00000004,0x1262a7e1,2000
0x00000f65,5/10/2007,0x00000001,0x0000000b,0x00000004,0x69b15bba,2000
0x00000f68,7/14/2006,0x00000001,0x00000009,0x00000022,0x0d8bb650,2000
0x00001632,6/10/1998,0x00000001,0x00000002,0x00000000,0x6aae5598,2000
0x00010661,3/16/2007,0x00000001,0x00000032,0x00000001,0x0b13f1ed,4048
0x00010661,9/19/2007,0x00000001,0x00000038,0x00000001,0x8a2d6f19,4048
0x00010661,10/4/2010,0x00000001,0x00000043,0x00000001,0x4b64ba3a,4048
0x00010661,11/8/2006,0x00000001,0x00000014,0x00000002,0x73b6c3e8,4048
0x00010661,3/16/2007,0x00000001,0x00000031,0x00000002,0x891e5cc8,4048
0x00010661,10/4/2010,0x00000001,0x00000042,0x00000002,0x0e219073,4048
0x00010661,9/11/2006,0x00000001,0x00000012,0x00000003,0xdff9a512,4048
0x00010661,5/1/2007,0x00000001,0x00000036,0x00000004,0x007ab882,4048
0x00010661,3/16/2007,0x00000001,0x00000035,0x00000008,0x25d21171,4048
0x00010661,3/16/2007,0x00000001,0x00000033,0x00000080,0x9e99cc48,4048
0x00010661,10/4/2010,0x00000001,0x00000044,0x00000080,0x53baadcc,4048
0x00010671,3/29/2007,0x00000001,0x00000106,0x00000080,0x80731b2d,4048
0x00010674,7/20/2007,0x00000001,0x00000405,0x00000080,0x735d9fe0,4048
0x00010676,1/19/2008,0x00000001,0x0000060b,0x00000001,0x95fab8b5,4048
0x00010676,1/19/2008,0x00000001,0x0000060c,0x00000001,0xfbac0f6c,4048
0x00010676,9/29/2010,0x00000001,0x0000060f,0x00000001,0x8fe1a246,4048
0x00010676,1/19/2008,0x00000001,0x0000060b,0x00000004,0x95fab8b2,4048
0x00010676,1/19/2008,0x00000001,0x0000060c,0x00000004,0xfbac0f69,4048
0x00010676,9/29/2010,0x00000001,0x0000060f,0x00000004,0x8fe1a243,4048
0x00010676,1/19/2008,0x00000001,0x0000060b,0x00000010,0x95fab8a6,4048
0x00010676,1/19/2008,0x00000001,0x0000060c,0x00000010,0xfbac0f5d,4048
0x00010676,9/29/2010,0x00000001,0x0000060f,0x00000010,0x8fe1a237,4048
0x00010676,1/19/2008,0x00000001,0x0000060b,0x00000040,0x95fab876,4048
0x00010676,1/19/2008,0x00000001,0x0000060c,0x00000040,0xfbac0f2d,4048
0x00010676,9/29/2010,0x00000001,0x0000060f,0x00000040,0x8fe1a207,4048
0x00010676,1/19/2008,0x00000001,0x0000060c,0x00000080,0xfbac0eed,4048
0x00010676,9/29/2010,0x00000001,0x0000060f,0x00000080,0x8fe1a1c7,4048
0x00010677,1/19/2008,0x00000001,0x00000703,0x00000010,0x04de57b0,4048
0x00010677,4/28/2008,0x00000001,0x00000705,0x00000010,0xa6db99dd,8144
0x00010677,9/29/2010,0x00000001,0x0000070a,0x00000010,0xf3710db6,4048
0x0001067a,4/9/2008,0x00000001,0x00000a07,0x00000011,0x83067f5a,8144
0x0001067a,9/28/2010,0x00000001,0x00000a0b,0x00000011,0xb007e7e3,8144
0x0001067a,4/9/2008,0x00000001,0x00000a07,0x00000044,0x83067f27,8144
0x0001067a,9/28/2010,0x00000001,0x00000a0b,0x00000044,0xb007e7b0,8144
0x0001067a,4/9/2008,0x00000001,0x00000a07,0x000000a0,0x83067ecb,8144
0x0001067a,9/28/2010,0x00000001,0x00000a0b,0x000000a0,0xb007e754,8144
0x000106a2,7/14/2008,0x00000001,0xffff0019,0x00000003,0xd990b74e,11216
0x000106a4,9/19/2008,0x00000001,0x0000000a,0x00000002,0x6d0f43c1,9168
0x000106a4,2/20/2009,0x00000001,0x00000010,0x00000003,0x020495e7,10192
0x000106a4,4/21/2009,0x00000001,0x00000011,0x00000003,0x24e504ac,13264
0x000106a4,6/21/2013,0x00000001,0x00000012,0x00000003,0x9383a5f1,57152
0x000106a5,12/10/2008,0x00000001,0x00000004,0x00000003,0x9de0a6c0,4048
0x000106a5,2/20/2009,0x00000001,0x0000000f,0x00000003,0x81ef718c,6096
0x000106a5,4/14/2009,0x00000001,0x00000011,0x00000003,0xc2d891c3,8144
0x000106a5,3/3/2010,0x00000001,0x00000015,0x00000003,0xd8b120f2,8144
0x000106a5,5/17/2011,0x00000001,0x00000016,0x00000003,0x0650bcdf,9168
0x000106a5,6/21/2013,0x00000001,0x00000019,0x00000003,0x58220e71,40768
0x000106c0,7/27/2007,0x00000001,0x00000006,0x00000001,0x3829b920,5120
0x000106c0,8/24/2007,0x00000001,0x00000007,0x00000001,0x923cdfa3,5120
0x000106c1,12/3/2007,0x00000001,0x00000109,0x00000001,0x349f67a3,5072
0x000106c2,3/4/2008,0x00000001,0x00000207,0x00000001,0xf6c07831,5072
0x000106c2,6/4/2008,0x00000001,0x0000020a,0x00000001,0x399ceeb1,5072
0x000106c2,10/6/2008,0x00000001,0x00000211,0x00000001,0x6860b261,5072
0x000106c2,4/10/2009,0x00000001,0x00000217,0x00000001,0xd987bc76,5072
0x000106c2,6/4/2008,0x00000001,0x0000020a,0x00000004,0x9f6a2807,5072
0x000106c2,10/6/2008,0x00000001,0x00000212,0x00000004,0x6ba5106d,5072
0x000106c2,4/10/2009,0x00000001,0x00000218,0x00000004,0x8fb7c1ba,5072
0x000106c2,7/10/2008,0x00000001,0x0000020d,0x00000008,0x8b6b9648,5072
0x000106c2,12/2/2008,0x00000001,0x00000213,0x00000008,0xc87911f0,5072
0x000106c2,4/10/2009,0x00000001,0x00000219,0x00000008,0x556338c1,5072
0x000106c9,2/11/2009,0x00000001,0x00000007,0x00000004,0x21c6e011,5072
0x000106ca,8/25/2009,0x00000001,0x00000107,0x00000001,0xf851a3d9,5072
0x000106ca,8/25/2009,0x00000001,0x00000107,0x00000004,0x7deb58b2,5072
0x000106ca,8/25/2009,0x00000001,0x00000107,0x00000008,0xbe667ca5,5072
0x000106ca,8/25/2009,0x00000001,0x00000107,0x00000010,0x482cae0e,5072
0x000106ca,8/25/2009,0x00000001,0x00000106,0x00000020,0x9b4b3396,5072
0x000106d1,2/2/2008,0x00000001,0x00000010,0x00000008,0xcfbf7477,4048
0x000106d1,6/4/2008,0x00000001,0x00000021,0x00000008,0xc75506e6,4048
0x000106d1,4/6/2009,0x00000001,0x00000026,0x00000008,0xdeac5852,4048
0x000106d1,9/30/2010,0x00000001,0x00000029,0x00000008,0x2408d9a1,4048
0x000106e0,12/15/2008,0x00000001,0xffff001f,0x00000013,0x6208af28,11216
0x000106e1,2/6/2009,0x00000001,0xffff000d,0x00000013,0x30fa4231,12240
0x000106e3,2/27/2009,0x00000001,0xffff0006,0x00000013,0x79e1c091,3024
0x000106e4,3/8/2010,0x00000001,0x00000002,0x00000009,0xbdbb308a,5072
0x000106e4,7/1/2013,0x00000001,0x00000003,0x00000009,0xa8c7e0f3,24384
0x000106e5,5/29/2009,0x00000001,0x00000003,0x00000013,0x65b9a532,6096
0x000106e5,4/5/2010,0x00000001,0x00000004,0x00000013,0xf7762473,6096
0x000106e5,9/1/2011,0x00000001,0x00000005,0x00000013,0x5273a933,6096
0x000106e5,8/20/2013,0x00000001,0x00000007,0x00000013,0xc6783666,28480
0x000106e5,4/29/2009,0x00000001,0xffff0007,0x00000013,0x27248b94,5072
0x000106f1,2/10/2009,0x00000001,0xffff0007,0x00000013,0x4d02492b,10192
0x00020650,2/18/2009,0x00000001,0xffff0008,0x00000013,0x41248cb2,5072
0x00020651,7/7/2009,0x00000001,0xffff000f,0x00000013,0x173d00aa,4048
0x00020651,7/23/2009,0x00000001,0xffff0012,0x00000013,0x7d62f211,5072
0x00020652,11/12/2009,0x00000001,0x00000009,0x00000012,0xe580b1fe,7120
0x00020652,6/10/2010,0x00000001,0x0000000c,0x00000012,0x1e7bd02b,7120
0x00020652,9/1/2011,0x00000001,0x0000000d,0x00000012,0xaa7e2951,7120
0x00020652,6/26/2013,0x00000001,0x0000000e,0x00000012,0x8d3e4af9,32576
0x00020655,3/1/2010,0x00000001,0x00000002,0x00000092,0x267e87ff,2000
0x00020655,9/1/2011,0x00000001,0x00000003,0x00000092,0xc50abfd4,2000
0x00020655,6/28/2013,0x00000001,0x00000004,0x00000092,0x3facc649,12096
0x00020661,10/23/2009,0x00000001,0x00000104,0x00000001,0x38cb12b9,5072
0x00020661,10/23/2009,0x00000001,0x00000104,0x00000002,0xd89229bc,5072
0x00020661,7/18/2011,0x00000001,0x00000105,0x00000002,0x52558795,5072
0x000206a0,8/26/2009,0x00000001,0x00000024,0x00000012,0x4749d0fc,4048
0x000206a1,12/9/2009,0x00000001,0x00000005,0x00000012,0x79ddfabd,7120
0x000206a1,12/23/2009,0x00000001,0x00000007,0x00000012,0x8f1081f2,8144
0x000206a2,2/17/2010,0x00000001,0x00000026,0x00000012,0x82ffbd7b,9168
0x000206a3,5/26/2010,0x00000001,0x00000008,0x00000012,0xd42fd75e,9168
0x000206a5,7/22/2010,0x00000001,0x00000007,0x00000012,0x20b7fde6,7120
0x000206a6,9/15/2010,0x00000001,0x00000028,0x00000012,0x2b9becc8,9168
0x000206a7,4/7/2011,0x00000001,0x00000017,0x00000012,0xacfe0d23,8144
0x000206a7,5/18/2011,0x00000001,0x00000018,0x00000012,0xff749cfb,9168
0x000206a7,7/14/2011,0x00000001,0x0000001b,0x00000012,0xf04a1c9c,9168
0x000206a7,10/11/2011,0x00000001,0x00000025,0x00000012,0x6aa14554,9168
0x000206a7,4/24/2012,0x00000001,0x00000028,0x00000012,0xf3e9935d,9168
0x000206a7,6/12/2013,0x00000001,0x00000029,0x00000012,0xc9c91df0,40768
0x000206c0,8/20/2009,0x00000001,0xffff0016,0x00000013,0x764eea44,8144
0x000206c1,12/22/2009,0x00000001,0x00000006,0x00000003,0x45e27c49,6096
0x000206c2,6/18/2010,0x00000001,0x0000000f,0x00000003,0xfecacce7,7120
0x000206c2,9/7/2010,0x00000001,0x00000013,0x00000003,0x62f14fdf,7120
0x000206c2,3/11/2011,0x00000001,0x00000014,0x00000003,0x67223a59,7120
0x000206c2,8/26/2011,0x00000001,0x00000015,0x00000003,0x212c71e7,8144
0x000206d0,8/16/2010,0x00000001,0x80000006,0x00000007,0x0388f880,8144
0x000206d1,9/24/2010,0x00000001,0x80000103,0x00000007,0x7c603aba,9168
0x000206d1,12/1/2010,0x00000001,0x80000106,0x00000007,0x613705df,11216
0x000206d2,2/17/2011,0x00000001,0x8000020a,0x0000000f,0x2bfbe623,15312
0x000206d2,5/3/2011,0x00000001,0x8000020c,0x0000000f,0x667e1a9e,17360
0x000206d3,3/15/2011,0x00000001,0x80000302,0x0000000f,0x9472d590,14288
0x000206d3,4/20/2011,0x00000001,0x80000304,0x0000000f,0x055f8af3,16336
0x000206d5,9/29/2011,0x00000001,0x00000512,0x0000006d,0x7232b20c,18384
0x000206d5,10/13/2011,0x00000001,0x00000513,0x0000006d,0xbdb805cb,18384
0x000206d6,9/29/2011,0x00000001,0x0000060c,0x0000006d,0x3b5bdadc,15312
0x000206d6,12/14/2011,0x00000001,0x00000610,0x0000006d,0x2abfcee6,15312
0x000206d6,4/18/2012,0x00000001,0x00000618,0x0000006d,0x791d46f9,16336
0x000206d6,5/22/2012,0x00000001,0x00000619,0x0000006d,0xf9bfc8ba,16336
0x000206d7,12/14/2011,0x00000001,0x00000705,0x0000006d,0x377a0be1,16336
0x000206d7,4/3/2012,0x00000001,0x0000070c,0x0000006d,0xc23464cc,16336
0x000206d7,5/22/2012,0x00000001,0x0000070d,0x0000006d,0x8a88ffaa,16336
0x000206d7,6/17/2013,0x00000001,0x00000710,0x0000006d,0x30eaa2e5,69440
0x000206e0,10/23/2008,0x00000001,0xffff0001,0x00000005,0x51909517,13264
0x000206e0,1/6/2009,0x00000001,0xffff0005,0x00000005,0x56b8ca90,14288
0x000206e1,1/6/2009,0x00000001,0xffff0006,0x00000005,0x7accb59f,14288
0x000206e2,10/1/2008,0x00000001,0xffff0004,0x00000005,0xe256dba6,12240
0x000206e3,4/7/2009,0x00000001,0xffff0008,0x00000005,0x05796a00,8144
0x000206e3,6/19/2009,0x00000001,0xffff000c,0x00000005,0xcee10012,9168
0x000206e5,9/28/2009,0x00000001,0xffff0016,0x00000005,0xe8c225b7,8144
0x000206e6,12/8/2009,0x00000001,0x00000002,0x00000004,0x92caf080,6096
0x000206e6,4/21/2010,0x00000001,0x00000007,0x00000004,0x7303e23d,6096
0x000206e6,8/23/2010,0x00000001,0x00000008,0x00000004,0x23df3e07,6096
0x000206f0,6/11/2010,0x00000001,0xffff0013,0x00000005,0x8448fc15,8144
0x000206f1,10/13/2010,0x00000001,0x00000008,0x00000005,0x00d18792,11216
0x000206f2,4/23/2011,0x00000001,0x00000030,0x00000005,0x3fe86eb5,11216
0x000206f2,7/21/2011,0x00000001,0x00000032,0x00000005,0x43a4f899,12240
0x000206f2,8/31/2011,0x00000001,0x00000034,0x00000005,0xd5f8781b,12240
0x000206f2,4/12/2012,0x00000001,0x00000036,0x00000005,0x0ef5cab4,12240
0x000206f2,6/18/2013,0x00000001,0x00000037,0x00000005,0x99e7bda6,53056
0x00030660,11/3/2010,0x00000001,0x00000003,0x00000004,0x5173abd8,5072
0x00030660,11/3/2010,0x00000001,0x00000003,0x00000008,0x0b1dee36,5072
0x00030661,6/23/2011,0x00000001,0x00000106,0x00000002,0xfa10249d,5072
0x00030661,6/23/2011,0x00000001,0x00000106,0x00000004,0x5a1a3b1f,5072
0x00030661,6/23/2011,0x00000001,0x00000106,0x00000008,0x69977030,5072
0x000306a2,5/18/2011,0x00000001,0x00000008,0x00000012,0xa0e51feb,8144
0x000306a4,9/8/2011,0x00000001,0x00000007,0x00000012,0x7e23e5af,9168
0x000306a5,9/9/2011,0x00000001,0x00000007,0x00000012,0x08e38731,9168
0x000306a8,1/6/2012,0x00000001,0x0000000a,0x00000012,0xda510a7b,10192
0x000306a9,1/6/2012,0x00000001,0x0000000a,0x00000012,0x6f1725f4,10192
0x000306a9,4/12/2012,0x00000001,0x00000012,0x00000012,0x44bb9c4a,11216
0x000306a9,7/16/2012,0x00000001,0x00000013,0x00000012,0xb80c344b,11216
0x000306a9,1/9/2013,0x00000001,0x00000017,0x00000012,0x3546450b,11216
0x000306a9,6/13/2013,0x00000001,0x00000019,0x00000012,0xe8ec0584,48960
0x000306c1,3/30/2012,0x00000001,0xffff000d,0x00000032,0x1d84a35e,21456
0x000306c2,7/10/2012,0x00000001,0xffff0003,0x00000032,0xaf97f1f8,13264
0x000306c3,8/16/2013,0x00000001,0x00000017,0x00000032,0xe0c85170,81728
0x000306e4,7/9/2013,0x00000001,0x00000416,0x000000ed,0xf28363df,44864
0x000306e6,6/19/2013,0x00000001,0x00000600,0x000000ed,0x14788dce,44864
0x00040650,8/13/2012,0x00000001,0xffff0007,0x00000072,0xbaeb63c8,14288
0x00040650,11/9/2012,0x00000001,0xffff000a,0x00000072,0x52f85222,22480
0x00040651,2/22/2013,0x00000001,0x00000006,0x00000072,0xc9c88122,15312
0x00040651,9/14/2013,0x00000001,0x00000017,0x00000072,0x6d9ec14c,77632
0x00040660,7/10/2012,0x00000001,0xffff000b,0x00000032,0xa882cff8,18384
0x00040661,8/21/2013,0x00000001,0x0000000f,0x00000032,0xcc7cd277,94016